info,rate,title,title2,hot,img_url
[美] 卡勒德·胡赛尼 / 李继宏 / 上海人民出版社 / 2006-5 / 29.00元,8.8,"
                追风筝的人

                
              ",The Kite Runner,"(
                    230454人评价
                )",https://img3.doubanio.com/spic/s1727290.jpg
[法] 圣埃克苏佩里 / 马振聘 / 人民文学出版社 / 2003-8 / 22.00元,9.0,"
                小王子

                
              ",Le Petit Prince,"(
                    204856人评价
                )",https://img1.doubanio.com/spic/s1237549.jpg
顾漫 / 朝华出版社 / 2007-4 / 15.00元,8.0,"
                何以笙箫默

                
              ",,"(
                    112217人评价
                )",https://img3.doubanio.com/spic/s2529195.jpg
刘瑜 / 上海三联书店 / 2010-1 / 25.00元,8.6,"
                送你一颗子弹

                
              ",,"(
                    80189人评价
                )",https://img1.doubanio.com/spic/s4243447.jpg
柴静 / 广西师范大学出版社 / 2013-1-1 / 39.80元,8.8,"
                看见

                
              ",,"(
                    103617人评价
                )",https://img3.doubanio.com/spic/s24468373.jpg
余华 / 南海出版公司 / 1998-5 / 12.00元,9.1,"
                活着

                
              ",,"(
                    116524人评价
                )",https://img3.doubanio.com/spic/s23836852.jpg
[英] 夏洛蒂·勃朗特 / 世界图书出版公司 / 2003-11 / 18.00元,8.5,"
                简爱

                
              ",Jane Eyre,"(
                    99325人评价
                )",https://img3.doubanio.com/spic/s5924326.jpg
郭敬明 / 春风文艺出版社 / 2003-11 / 20.00元,7.2,"
                梦里花落知多少

                
              ",,"(
                    141263人评价
                )",https://img1.doubanio.com/spic/s1513378.jpg
[日] 东野圭吾 / 刘子倩 / 南海出版公司 / 2008-9 / 28.00,8.9,"
                嫌疑人X的献身

                
              ",容疑者Xの献身,"(
                    111143人评价
                )",https://img3.doubanio.com/spic/s3254244.jpg
韩寒 / 国际文化出版公司 / 2010-9 / 25.00元,7.9,"
                1988：我想和这个世界谈谈

                
              ",,"(
                    115105人评价
                )",https://img3.doubanio.com/spic/s4477716.jpg
[捷克] 米兰·昆德拉 / 许钧 / 上海译文出版社 / 2003-7 / 23.00元,8.4,"
                不能承受的生命之轻

                
              ",Nesnesitelná lehkost bytí,"(
                    127659人评价
                )",https://img1.doubanio.com/spic/s1091698.jpg
[日] 村上春树 / 林少华 / 上海译文出版社 / 2001-2 / 18.80元,8.0,"
                挪威的森林

                
              ",ノルウェイの森,"(
                    174868人评价
                )",https://img3.doubanio.com/spic/s1228930.jpg
刘慈欣 / 重庆出版社 / 2008-1 / 23.00,8.8,"
                三体

                
                  ",,"(
                    116985人评价
                )",https://img1.doubanio.com/spic/s2768378.jpg
钱锺书 / 人民文学出版社 / 1991-2 / 19.00,8.9,"
                围城

                
              ",,"(
                    174576人评价
                )",https://img3.doubanio.com/spic/s1070222.jpg
[清] 曹雪芹 著 / 人民文学出版社 / 1996-12 / 59.70元,9.5,"
                红楼梦

                
              ",,"(
                    108884人评价
                )",https://img1.doubanio.com/spic/s1070959.jpg
[日] 东野圭吾 / 刘姿君 / 南海出版公司 / 2008-9 / 29.80元,9.1,"
                白夜行

                
              ",白夜行,"(
                    163862人评价
                )",https://img3.doubanio.com/spic/s4610502.jpg
[美] 丹·布朗 / 朱振武 / 上海人民出版社 / 2004-2 / 28.00元,8.2,"
                达·芬奇密码

                
              ",The Da Vinci Code,"(
                    121501人评价
                )",https://img3.doubanio.com/spic/s1513425.jpg
[美国] 玛格丽特·米切尔 / 李美华 / 译林出版社 / 2000-9 / 40.00元,9.3,"
                飘（上下）

                
              ",Gone with the Wind,"(
                    71645人评价
                )",https://img1.doubanio.com/spic/s1078958.jpg
(日)东野圭吾 / 李盈春 / 南海出版公司 / 2014-5 / 39.50元,8.6,"
                解忧杂货店

                
              ",ナミヤ雑貨店の奇蹟,"(
                    137758人评价
                )",https://img1.doubanio.com/spic/s27284878.jpg
路遥 / 人民文学出版社 / 2005-1 / 64.00元,9.0,"
                平凡的世界（全三部）

                
              ",,"(
                    90711人评价
                )",https://img3.doubanio.com/spic/s1144911.jpg
[英] J. K. 罗琳 / 苏农 / 人民文学出版社 / 2000-9 / 19.50元,9.0,"
                哈利·波特与魔法石

                
              ",Harry Potter and the Philosopher's Stone,"(
                    80176人评价
                )",https://img3.doubanio.com/spic/s1990480.jpg
[哥伦比亚] 加西亚·马尔克斯 / 范晔 / 南海出版公司 / 2011-6 / 39.50元,9.2,"
                百年孤独

                
              ",Cien años de soledad,"(
                    84262人评价
                )",https://img3.doubanio.com/spic/s6384944.jpg
李可 / 陕西师范大学出版社 / 2007-9 / 26.00元,7.8,"
                杜拉拉升职记

                
              ",,"(
                    87998人评价
                )",https://img3.doubanio.com/spic/s3012803.jpg
韩寒 / 作家出版社 / 2000-5 / 16.00,7.4,"
                三重门

                
              ",,"(
                    91955人评价
                )",https://img3.doubanio.com/spic/s1024882.jpg
张爱玲 / 花城出版社 / 1997-3-1 / 11.00,8.5,"
                倾城之恋

                
              ",,"(
                    81082人评价
                )",https://img3.doubanio.com/spic/s1077102.jpg
[英] 奥斯丁 / 张玲 / 人民文学出版社 / 1993-7 / 13.00元,8.8,"
                傲慢与偏见

                
              ",Pride and Prejudice,"(
                    78300人评价
                )",https://img3.doubanio.com/spic/s4250062.jpg
高铭 / 武汉大学出版社 / 2010-2 / 29.80元,8.3,"
                天才在左 疯子在右

                
                  ",,"(
                    81260人评价
                )",https://img1.doubanio.com/spic/s6340977.jpg
当年明月 / 中国友谊出版公司 / 2006-9 / 24.80,8.8,"
                明朝那些事儿（壹）

                
                  ",,"(
                    75570人评价
                )",https://img3.doubanio.com/spic/s1872653.jpg
[英] J. K. 罗琳 / 郑须弥 / 人民文学出版社 / 2000-9 / 26.50元,8.9,"
                哈利·波特与阿兹卡班的囚徒

                
              ",Harry Potter and the Prisoner of Azkaban,"(
                    68498人评价
                )",https://img3.doubanio.com/spic/s1074376.jpg
刘慈欣 / 重庆出版社 / 2008-5 / 32.00,9.2,"
                三体Ⅱ

                
                  ",,"(
                    69510人评价
                )",https://img3.doubanio.com/spic/s4542660.jpg
[英] J. K. 罗琳 / 马爱新 / 人民文学出版社 / 2000-9 / 22.00元,8.8,"
                哈利·波特与密室

                
              ",Harry Potter And The Chamber Of Secrets,"(
                    66252人评价
                )",https://img3.doubanio.com/spic/s1557672.jpg
刘慈欣 / 重庆出版社 / 2010-12-1 / 38.00元,9.2,"
                三体Ⅲ

                
                  ",,"(
                    69207人评价
                )",https://img3.doubanio.com/spic/s26012674.jpg
郭敬明 / 春风文艺出版社 / 2003-1 / 28.00元,7.1,"
                幻城

                
              ",,"(
                    86240人评价
                )",https://img1.doubanio.com/spic/s1100387.jpg
辛夷坞 / 朝华出版社 / 2007-8 / 25.00元,7.9,"
                致我们终将逝去的青春

                
              ",,"(
                    77692人评价
                )",https://img3.doubanio.com/spic/s2652662.jpg
[法] 玛格丽特·杜拉斯 / 王道乾 / 上海译文出版社 / 2005-7 / 20.00元,8.1,"
                情人

                
              ",L'Amant,"(
                    76783人评价
                )",https://img1.doubanio.com/spic/s1444578.jpg
韩寒 主编 / 书海出版社 / 2010-7-6 / 16.00元,7.8,"
                独唱团（第一辑）

                
              ",,"(
                    78608人评价
                )",https://img3.doubanio.com/spic/s4436571.jpg
安妮宝贝 / 作家出版社 / 2006-3 / 25.00元,8.0,"
                莲花

                
              ",,"(
                    76031人评价
                )",https://img1.doubanio.com/spic/s1513548.jpg
龙应台 / 生活·读书·新知三联书店 / 2009-10 / 39.00元,8.7,"
                目送

                
              ",,"(
                    70646人评价
                )",https://img1.doubanio.com/spic/s3984108.jpg
[日] 村上春树 / 施小炜 / 南海出版公司 / 2010-5 / 36.00元,8.3,"
                1Q84 BOOK 1

                
                  ",,"(
                    72336人评价
                )",https://img3.doubanio.com/spic/s4363464.jpg
姜戎 / 长江文艺出版社 / 2004-4 / 32.00元,8.3,"
                狼图腾

                
              ",,"(
                    71045人评价
                )",https://img3.doubanio.com/spic/s1466042.jpg
[美] 黄仁宇 / 生活·读书·新知三联书店 / 1997-5 / 18.00元,8.9,"
                万历十五年

                
              ",,"(
                    52763人评价
                )",https://img3.doubanio.com/spic/s1800355.jpg
[英] J. K. 罗琳 / 马爱新 / 人民文学出版社 / 2001-5 / 39.80元,8.9,"
                哈利·波特与火焰杯

                
              ",Harry Potter and the Goblet of Fire,"(
                    66517人评价
                )",https://img3.doubanio.com/spic/s1072746.jpg
顾漫 / 江苏文艺出版社 / 2009-8 / 25.00,8.1,"
                微微一笑很倾城

                
              ",,"(
                    71359人评价
                )",https://img1.doubanio.com/spic/s10320248.jpg
幾米 / 生活·读书·新知三联书店 / 2002-8 / 16.00元,8.4,"
                向左走·向右走

                
              ",,"(
                    68738人评价
                )",https://img3.doubanio.com/spic/s1557610.jpg
杨绛 / 生活·读书·新知三联书店 / 2003-7 / 18.80元,8.6,"
                我们仨

                
              ",,"(
                    64420人评价
                )",https://img3.doubanio.com/spic/s1015872.jpg
沈从文 / 北岳文艺出版社 / 2002-4 / 12.00元,8.6,"
                边城

                
              ",,"(
                    61220人评价
                )",https://img1.doubanio.com/spic/s1595557.jpg
郭敬明 / 长江文艺出版社 / 2007-5 / 24.00元,6.3,"
                悲伤逆流成河

                
              ",,"(
                    79993人评价
                )",https://img3.doubanio.com/spic/s2405994.jpg
韩寒 / 中国青年出版社 / 2004-8 / 20.00元,7.4,"
                长安乱

                
              ",,"(
                    70825人评价
                )",https://img1.doubanio.com/spic/s1563589.jpg
金庸 / 三联书店 / 1994-5 / 96.0,9.0,"
                天龙八部

                
              ",,"(
                    52149人评价
                )",https://img1.doubanio.com/spic/s23632058.jpg
霍达 / 北京十月文艺出版社 / 1988-12-1 / 32.00,8.3,"
                穆斯林的葬礼

                
              ",,"(
                    62445人评价
                )",https://img3.doubanio.com/spic/s1790771.jpg
J.K.Rowling / Arthur A. Levine Books / 2007-7-21 / 34.99美元,8.9,"
                Harry Potter and the Deathly Hallows

                
              ",,"(
                    6425人评价
                )",https://img3.doubanio.com/spic/s2352093.jpg
[英] 毛姆 / 傅惟慈 / 上海译文出版社 / 2006-8 / 15.00元,8.9,"
                月亮和六便士

                
              ",The Moon and Sixpence,"(
                    57747人评价
                )",https://img1.doubanio.com/spic/s2659208.jpg
[英] J. K. 罗琳 / 马爱农 / 人民文学出版社 / 2005-10 / 58.00元,8.8,"
                哈利·波特与混血王子

                
              ",Harry Potter and the Half-Blood Prince,"(
                    58208人评价
                )",https://img3.doubanio.com/spic/s1447381.jpg
[日] 青山七惠 / 竺家荣 / 上海译文出版社 / 2007-9 / 15.00元,7.6,"
                一个人的好天气

                
              ",ひとり日和,"(
                    65787人评价
                )",https://img3.doubanio.com/spic/s2732804.jpg
郭敬明 / 春风文艺出版社 / 2005-2 / 24.00元,7.4,"
                1995-2005夏至未至

                
              ",,"(
                    66178人评价
                )",https://img3.doubanio.com/spic/s1302594.jpg
（挪威）乔斯坦·贾德 / 萧宝森 / 作家出版社 / 1999-04 / 26.80,8.5,"
                苏菲的世界

                
              ",Sofies verden,"(
                    57711人评价
                )",https://img3.doubanio.com/spic/s2153661.jpg
亦舒 / 新世界出版社 / 2007-2 / 22.00元,8.1,"
                喜宝

                
              ",,"(
                    40480人评价
                )",https://img1.doubanio.com/spic/s5813979.jpg
[日]东野圭吾 / 赵峻 / 南海出版公司 / 2010-1 / 20.00元,7.6,"
                放学后

                
              ",はうかご,"(
                    61768人评价
                )",https://img3.doubanio.com/spic/s4066862.jpg
[英] J. K. 罗琳 / 马爱农 / 人民文学出版社 / 2003-9 / 59.00元,8.6,"
                哈利·波特与凤凰社

                
              ",Harry Potter and the Order of the Phoenix,"(
                    54804人评价
                )",https://img1.doubanio.com/spic/s1100627.jpg
余秋雨 / 东方出版中心 / 2001-4 / 22.00元,7.8,"
                文化苦旅

                
              ",,"(
                    59453人评价
                )",https://img3.doubanio.com/spic/s2166670.jpg
[日] 村上春树 / 林少华 / 上海译文出版社 / 2003-4 / 25.00元,8.1,"
                海边的卡夫卡

                
              ",,"(
                    57375人评价
                )",https://img3.doubanio.com/spic/s1094940.jpg
南派三叔 / 中国友谊出版公司 / 2007-1 / 26.80元,8.4,"
                盗墓笔记

                
                  ",,"(
                    55539人评价
                )",https://img3.doubanio.com/spic/s4442295.jpg
[明] 罗贯中 / 人民文学出版社 / 1998-05 / 39.50元,9.2,"
                三国演义（全二册）

                
              ",,"(
                    51580人评价
                )",https://img3.doubanio.com/spic/s1076932.jpg
余华 / 南海出版公司 / 1998-9 / 16.80元,8.6,"
                许三观卖血记

                
              ",,"(
                    54059人评价
                )",https://img3.doubanio.com/spic/s1074291.jpg
大仲马 / 周克希 / 上海译文出版社 / 1991-12-1 / 43.90元,8.9,"
                基督山伯爵

                
              ",Le Comte de Monte-Cristo,"(
                    47225人评价
                )",https://img3.doubanio.com/spic/s3248016.jpg
[日] 东野圭吾 / 娄美莲 / 南海出版公司 / 2009-6 / 18.00,8.4,"
                恶意

                
              ",悪意,"(
                    54747人评价
                )",https://img3.doubanio.com/spic/s3814606.jpg
[日] 黑柳彻子 著 / 赵玉皎 / 南海出版公司 / 2003-1 / 20.00元,8.7,"
                窗边的小豆豆

                
              ",,"(
                    53124人评价
                )",https://img3.doubanio.com/spic/s1067911.jpg
余华 / 上海文艺出版社 / 2005-8 / 16.00元,8.3,"
                兄弟（上）

                
              ",,"(
                    55294人评价
                )",https://img3.doubanio.com/spic/s1427312.jpg
三毛 / 皇冠出版社 / 1976 / 160 TWD,9.0,"
                撒哈拉的故事

                
              ",,"(
                    51601人评价
                )",https://img3.doubanio.com/spic/s3563113.jpg
艾米莉·勃朗特 / 张扬 / 人民文学出版社 / 1999-1 / 27.30元,8.4,"
                呼啸山庄

                
              ",Wuthering Heights,"(
                    53245人评价
                )",https://img3.doubanio.com/spic/s1095383.jpg
金庸 / 生活·读书·新知三联书店 / 1994-5 / 76.80元,8.9,"
                笑傲江湖（全四册）

                
              ",,"(
                    46823人评价
                )",https://img3.doubanio.com/spic/s2157335.jpg
今何在 / 光明日报出版社 / 2001-4 / 14.80元,8.4,"
                悟空传

                
                  ",,"(
                    52339人评价
                )",https://img3.doubanio.com/spic/s9026255.jpg
唐七公子 / 沈阳出版社 / 2009-1 / 26.80,8.3,"
                三生三世 十里桃花

                
              ",,"(
                    52934人评价
                )",https://img1.doubanio.com/spic/s3551687.jpg
王小波 / 花城出版社 / 1999-3 / 19.00元,8.8,"
                黄金时代

                
                  ",,"(
                    50331人评价
                )",https://img3.doubanio.com/spic/s1076372.jpg
刘瑜 / 上海三联书店 / 2009-6 / 25.00,8.6,"
                民主的细节

                
                  ",,"(
                    50385人评价
                )",https://img1.doubanio.com/spic/s4146437.jpg
[美] M·斯科特·派克 / 于海生 / 吉林文史出版社 / 2007-1 / 26.00元,8.4,"
                少有人走的路

                
                  ",The Road Less Traveled,"(
                    50271人评价
                )",https://img3.doubanio.com/spic/s2144391.jpg
张德芬 / 华夏出版社 / 2008-1 / 29.00,8.1,"
                遇见未知的自己

                
              ",,"(
                    51232人评价
                )",https://img3.doubanio.com/spic/s3403254.jpg
龙应台 / 人民文学出版社 / 2008-12 / 26.00,8.7,"
                亲爱的安德烈

                
              ",,"(
                    48493人评价
                )",https://img1.doubanio.com/spic/s3993878.jpg
[英] 阿·柯南道尔 / 丁钟华 等 / 群众出版社 / 1981-8 / 53.00元/68.00元,9.2,"
                福尔摩斯探案全集（上中下）

                
              ",,"(
                    46116人评价
                )",https://img3.doubanio.com/spic/s1229240.jpg
张嘉佳 / 湖南文艺出版社 / 2013-11-1 / 36.00元,7.3,"
                从你的全世界路过

                
                  ",,"(
                    55205人评价
                )",https://img3.doubanio.com/spic/s27102925.jpg
[英] 乔治·奥威尔 / 董乐山 / 上海译文出版社 / 2003-4 / 23.00元,9.2,"
                一九八四·动物农场

                
              ",Nineteen Eighty-Four,"(
                    23665人评价
                )",https://img3.doubanio.com/spic/s1089916.jpg
郭敬明 / 长江文艺出版社 / 2008-10 / 29.80元,6.7,"
                小时代1.0折纸时代

                
              ",,"(
                    57465人评价
                )",https://img3.doubanio.com/spic/s3251696.jpg
[美] 卡勒德·胡赛尼 / 李继宏 / 上海人民出版社 / 2007-9 / 28.00元,8.7,"
                灿烂千阳

                
              ",A Thousand Splendid Suns,"(
                    46476人评价
                )",https://img3.doubanio.com/spic/s2651394.jpg
[哥伦比亚] 加西亚·马尔克斯 / 杨玲 / 南海出版公司 / 2012-9-1 / 39.50元,9.0,"
                霍乱时期的爱情

                
              ",El amor en los tiempos del cólera,"(
                    45904人评价
                )",https://img3.doubanio.com/spic/s11284102.jpg
[哥伦比亚] 加西亚·马尔克斯 / 黄锦炎 / 上海译文出版社 / 1989-10 / 12.70元,8.9,"
                百年孤独

                
              ",Cien años de soledad,"(
                    46039人评价
                )",https://img1.doubanio.com/spic/s2785398.jpg
海明威 / 吴劳 / 上海译文出版社 / 1999-10 / 8.20元,8.3,"
                老人与海

                
              ",The Old Man and the Sea,"(
                    48452人评价
                )",https://img3.doubanio.com/spic/s1050021.jpg
安妮宝贝 / 作家出版社 / 2007-9 / 27.00元,7.8,"
                素年锦时

                
              ",,"(
                    50304人评价
                )",https://img3.doubanio.com/spic/s2686185.jpg
[美] 弗拉基米尔·纳博科夫 / 主万 / 上海译文出版社 / 2005-12 / 27.00元,7.7,"
                洛丽塔

                
              ",,"(
                    50201人评价
                )",https://img1.doubanio.com/spic/s1483347.jpg
蔡智恒 / 知识出版社 / 1999-11-1 / 12.80,7.4,"
                第一次的亲密接触

                
              ",,"(
                    51270人评价
                )",https://img3.doubanio.com/spic/s1327750.jpg
[日] 村上春树 / 施小炜 / 南海出版公司 / 2010-6 / 36.00元,8.4,"
                1Q84 BOOK 2

                
                  ",,"(
                    46261人评价
                )",https://img3.doubanio.com/spic/s4393610.jpg
[日] 岩井俊二 / 穆晓芳 / 天津人民出版社 / 2004-7 / 18.00元,8.6,"
                情书

                
              ",ラヴレター,"(
                    44104人评价
                )",https://img3.doubanio.com/spic/s1127135.jpg
安妮宝贝 / 南海出版公司 / 2001-9 / 20.00元,7.8,"
                彼岸花

                
              ",,"(
                    47733人评价
                )",https://img3.doubanio.com/spic/s1077536.jpg
韩寒 / 二十一世纪出版社 / 2006-1 / 19.90元,7.4,"
                一座城池

                
              ",,"(
                    49577人评价
                )",https://img3.doubanio.com/spic/s1627352.jpg
[日] 东野圭吾 / 刘姿君 / 南海出版公司 / 2013-1-1 / 39.50元,9.2,"
                白夜行

                
                  ",,"(
                    41691人评价
                )",https://img1.doubanio.com/spic/s24514468.jpg
[美国] J. D. 塞林格 / 施咸荣 / 译林出版社 / 1997-2 / 7.80元,7.9,"
                麦田里的守望者

                
              ",The Catcher in the Rye,"(
                    46772人评价
                )",https://img3.doubanio.com/spic/s2738366.jpg
韩寒 / 万卷出版公司 / 2009-1 / 25.00元,7.5,"
                他的国

                
              ",,"(
                    48611人评价
                )",https://img1.doubanio.com/spic/s3557848.jpg
金庸 / 三联书店 / 1994-5 / 76.8,8.8,"
                神雕侠侣

                
              ",,"(
                    42516人评价
                )",https://img3.doubanio.com/spic/s26018916.jpg
[巴西]保罗·柯艾略 / 丁文林 / 南海出版公司 / 2009-3-1 / 25.00元,8.7,"
                牧羊少年奇幻之旅

                
              ",O Alquimista,"(
                    42447人评价
                )",https://img1.doubanio.com/spic/s3668327.jpg
安妮宝贝 / 作家出版社 / 2001-1 / 16.00元,7.5,"
                八月未央

                
              ",,"(
                    47030人评价
                )",https://img1.doubanio.com/spic/s1084388.jpg
文：安东尼 / 长江文艺出版社 / 2010-3 / 24.80元,8.5,"
                这些都是你给我的爱

                
              ",,"(
                    42479人评价
                )",https://img3.doubanio.com/spic/s4219471.jpg
笛安 / 长江文艺出版社 / 2009-3 / 22.80元,8.0,"
                西决

                
              ",,"(
                    44622人评价
                )",https://img3.doubanio.com/spic/s3658646.jpg
小仲马 / 王振孙 / 外国文学出版社 / 1997-03-01 / 9.00,8.1,"
                茶花女

                
              ",La Dame aux camélias,"(
                    43845人评价
                )",https://img1.doubanio.com/spic/s1008927.jpg
安妮宝贝 / 天津人民出版社 / 2004-10 / 22.00元,7.9,"
                清醒纪

                
              ",,"(
                    44185人评价
                )",https://img3.doubanio.com/spic/s1071442.jpg
吴念真 / 译林出版社 / 2011-9 / 28.00元,8.8,"
                这些人，那些事

                
              ",,"(
                    40036人评价
                )",https://img3.doubanio.com/spic/s6828981.jpg
[美国] 桑德拉·希斯内罗丝 / 潘帕 / 译林出版社 / 2006-6 / 24.50元,7.8,"
                芒果街上的小屋

                
              ",The House on Mango Street,"(
                    42658人评价
                )",https://img3.doubanio.com/spic/s1668712.jpg
安东尼 / 长江文艺出版社 / 2008-3 / 18.00,8.4,"
                陪安东尼度过漫长岁月

                
              ",,"(
                    40014人评价
                )",https://img3.doubanio.com/spic/s2998096.jpg
当年明月 / 中国友谊出版公司 / 2007-1 / 24.80,8.9,"
                明朝那些事儿（贰）

                
                  ",,"(
                    38164人评价
                )",https://img3.doubanio.com/spic/s4428714.jpg
[日] 井上雄彦 / 邹宁 / 长春出版社 / 2005-1 / 7.50元,9.5,"
                灌篮高手31

                
              ",,"(
                    26292人评价
                )",https://img3.doubanio.com/spic/s2853431.jpg
[英] 阿加莎·克里斯蒂 / 陈尧光 / 人民文学出版社 / 2006-5 / 18.00元,9.0,"
                东方快车谋杀案

                
              ",Murder on the Orient Express,"(
                    31031人评价
                )",https://img1.doubanio.com/spic/s1765799.jpg
蔡康永 著 / 沈阳出版社 / 2010-10 / 25.00元,7.2,"
                蔡康永的说话之道

                
              ",,"(
                    45218人评价
                )",https://img3.doubanio.com/spic/s4578461.jpg
[日] 村上春树 / 施小炜 / 南海出版公司 / 2009-1 / 25.00,8.1,"
                当我谈跑步时我谈些什么

                
              ",走ることについて語るときに僕の語ること,"(
                    40178人评价
                )",https://img3.doubanio.com/spic/s3507580.jpg
（法）莫泊桑 / 柳鸣九 / 北京燕山出版社 / 2007-6 / 13.50元,8.0,"
                羊脂球

                
              ",,"(
                    40024人评价
                )",https://img3.doubanio.com/spic/s1469280.jpg
三毛 / 哈尔滨出版社 / 2003-8 / 15.80元,9.2,"
                撒哈拉的故事

                
              ",,"(
                    35602人评价
                )",https://img3.doubanio.com/spic/s1066570.jpg
幾米 / 辽宁教育出版社 / 2002-2 / 32.00元,8.3,"
                地下铁

                
              ",,"(
                    38496人评价
                )",https://img3.doubanio.com/spic/s1672971.jpg
艾米 / 江苏文艺出版社 / 2007-9 / 25.00元,7.9,"
                山楂树之恋

                
              ",,"(
                    39949人评价
                )",https://img3.doubanio.com/spic/s2684486.jpg
[英] 笛福 / 马静 / 广西民族出版社 / 2002-1 / 9.20元,7.9,"
                鲁滨逊漂流记

                
              ",,"(
                    39755人评价
                )",https://img3.doubanio.com/spic/s1242786.jpg
[法]雨果 / 陈敬容 / 人民文学出版社 / 1982-6 / 22.50元,8.3,"
                巴黎圣母院

                
              ",Notre-Dame de Paris,"(
                    38204人评价
                )",https://img3.doubanio.com/spic/s1609162.jpg
余华 / 作家出版社 / 2012-8-1 / 20.00元,9.3,"
                活着

                
              ",,"(
                    35231人评价
                )",https://img3.doubanio.com/spic/s27279654.jpg
[奥] 斯台芬·茨威格 / 张玉书 / 上海译文出版社 / 2007-7 / 20.00元,8.7,"
                一个陌生女人的来信

                
              ",Brief einer Unbekannten,"(
                    36745人评价
                )",https://img3.doubanio.com/spic/s10310945.jpg
王小波 / 中国青年出版社 / 1997-10 / 27.00元,9.0,"
                沉默的大多数

                
                  ",,"(
                    35151人评价
                )",https://img1.doubanio.com/spic/s1447349.jpg
安意如 / 天津教育出版社 / 2006-8 / 23.80元,7.3,"
                人生若只如初见

                
                  ",,"(
                    40675人评价
                )",https://img1.doubanio.com/spic/s1787057.jpg
[美国] J. D. 塞林格 / 孙仲旭 / 译林出版社 / 2007-3 / 28.00元,8.1,"
                麦田里的守望者

                
              ",The Catcher in the Rye,"(
                    38055人评价
                )",https://img1.doubanio.com/spic/s2380159.jpg
唐七公子 / 现代出版社 / 2011-1 / 39.80元,8.6,"
                华胥引（全二册）

                
              ",,"(
                    35587人评价
                )",https://img3.doubanio.com/spic/s4599550.jpg
[美] 斯蒂芬·金 / 施寄青 / 人民文学出版社 / 2006-7 / 29.90元,9.1,"
                肖申克的救赎

                
              ",Different Seasons,"(
                    34161人评价
                )",https://img3.doubanio.com/spic/s4007145.jpg
（丹麦）安徒生 / 叶君健 / 人民文学出版社 / 1997-08 / 25.00,9.1,"
                安徒生童话故事集

                
              ",,"(
                    34033人评价
                )",https://img3.doubanio.com/spic/s1034062.jpg
[日] 村上春树 / 林少华 / 上海译文出版社 / 2001-8 / 11.80元,7.8,"
                且听风吟

                
              ",風の歌を聴け,"(
                    38338人评价
                )",https://img1.doubanio.com/spic/s1029019.jpg
[日] 村上春树 / 林少华 / 上海译文出版社 / 2007-7 / 23.00元,8.4,"
                挪威的森林

                
              ",ノルウェイの森,"(
                    35701人评价
                )",https://img3.doubanio.com/spic/s2897086.jpg
[美] 加布瑞埃拉·泽文 / 孙仲旭 / 江苏凤凰文艺出版社 / 2015-5 / CNY 35.00,7.7,"
                岛上书店

                
              ",The Storied Life of A. J. Fikry,"(
                    38485人评价
                )",https://img3.doubanio.com/spic/s28049685.jpg
落落 / 春风文艺出版社 / 2005-2 / 20.00元,7.6,"
                年华是无效信

                
              ",,"(
                    38323人评价
                )",https://img1.doubanio.com/spic/s2660837.jpg
明晓溪 / 新世界出版社 / 2005-5 / 20.00元,6.8,"
                会有天使替我爱你

                
              ",,"(
                    41408人评价
                )",https://img3.doubanio.com/spic/s1320494.jpg
明晓溪 / 新世界出版社 / 2006-3 / 20.00元,7.0,"
                泡沫之夏

                
              ",,"(
                    40241人评价
                )",https://img3.doubanio.com/spic/s1914522.jpg
[苏] 尼·奥斯特洛夫斯基 / 曹缦西 / 译林出版社 / 1996-10 / 20.00元,7.6,"
                钢铁是怎样炼成的

                
              ",How the Steel Was Tempered,"(
                    38137人评价
                )",https://img1.doubanio.com/spic/s2241708.jpg
张爱玲 / 北京十月文艺出版社 / 2009-4 / 28.00,7.6,"
                小团圆

                
              ",,"(
                    38166人评价
                )",https://img3.doubanio.com/spic/s4197443.jpg
张爱玲 / 花城出版社 / 1996-06 / 12.80元,8.3,"
                红玫瑰与白玫瑰

                
              ",,"(
                    35277人评价
                )",https://img3.doubanio.com/spic/s3695882.jpg
幾米 / 格林 / 2000-2-1 / NT$ 299,8.5,"
                月亮忘記了

                
              ",,"(
                    34558人评价
                )",https://img1.doubanio.com/spic/s1385508.jpg
鲁迅 / 人民文学出版社 / 1973年3月 / 0.36元,8.8,"
                呐喊

                
              ",,"(
                    33495人评价
                )",https://img3.doubanio.com/spic/s4696893.jpg
[美] 杰克·凯鲁亚克 / 王永年 / 上海译文出版社 / 2006-10 / 28.00元,7.8,"
                在路上

                
              ",On the Road,"(
                    36473人评价
                )",https://img1.doubanio.com/spic/s2577057.jpg
三毛 / 哈尔滨出版社 / 2003-6 / 15.80元,8.9,"
                哭泣的骆驼

                
              ",,"(
                    28659人评价
                )",https://img3.doubanio.com/spic/s1020454.jpg
金庸 / 生活·读书·新知三联书店 / 1999-04 / 47.00元,8.9,"
                射雕英雄传（全四册）

                
              ",,"(
                    30703人评价
                )",https://img3.doubanio.com/spic/s2157336.jpg
江南 / 华文出版社 / 2004-1 / 25.00元,8.4,"
                此间的少年

                
              ",,"(
                    33852人评价
                )",https://img1.doubanio.com/spic/s1068707.jpg
陈忠实 / 人民文学出版社 / 1997年 / 28.00元,8.6,"
                白鹿原

                
              ",,"(
                    33201人评价
                )",https://img1.doubanio.com/spic/s9137567.jpg
宋鸿兵 编著 / 中信出版社 / 2007-6 / 38.00元,7.3,"
                货币战争

                
              ",,"(
                    37506人评价
                )",https://img3.doubanio.com/spic/s2533235.jpg
匪我思存 / 新世界出版社 / 2007-2 / 20.00元,8.0,"
                佳期如梦

                
              ",,"(
                    34823人评价
                )",https://img1.doubanio.com/spic/s1991548.jpg
高木直子 / 洪俞君 / 大田 / 2004-12-1 / NT$220,8.4,"
                一個人住第5年

                
              ",,"(
                    33466人评价
                )",https://img3.doubanio.com/spic/s7059163.jpg
辛夷坞 / 朝华出版社 / 2007-10 / 25.00元,7.7,"
                原来你还在这里

                
              ",,"(
                    35645人评价
                )",https://img3.doubanio.com/spic/s3358963.jpg
安妮宝贝 / 中国社会科学出版社 / 2000-1 / 19.00,7.5,"
                告别薇安

                
              ",,"(
                    36329人评价
                )",https://img3.doubanio.com/spic/s1650313.jpg
天下霸唱 / 安徽文艺出版社 / 2006 / 25.0,8.1,"
                鬼吹灯之精绝古城

                
                  ",,"(
                    34068人评价
                )",https://img3.doubanio.com/spic/s6048082.jpg
当年明月 / 中国友谊出版公司 / 2007-4 / 24.80,8.9,"
                明朝那些事儿（叁）

                
                  ",,"(
                    31831人评价
                )",https://img3.doubanio.com/spic/s2544553.jpg
[美] 奥德丽·尼芬格 / 夏金 / 人民文学出版社 / 2007-4 / 29.90元,8.1,"
                时间旅行者的妻子

                
              ",The Time Traveler´s Wife,"(
                    34142人评价
                )",https://img3.doubanio.com/spic/s2375756.jpg
安妮宝贝 / 南海出版公司 / 2004-1 / 20.00元,7.7,"
                二三事

                
              ",,"(
                    35067人评价
                )",https://img3.doubanio.com/spic/s1157535.jpg
梁文道 / 广西师范大学出版社 / 2009-1 / 38.00,8.1,"
                常识

                
              ",,"(
                    33629人评价
                )",https://img3.doubanio.com/spic/s3588323.jpg
张爱玲 / 北京十月文艺出版社 / 2006-12 / 28.00元,8.6,"
                半生缘

                
              ",,"(
                    31858人评价
                )",https://img1.doubanio.com/spic/s2838737.jpg
桐华 / 民族出版社 / 2006-6 / 25.00元,8.1,"
                步步惊心

                
              ",,"(
                    32988人评价
                )",https://img3.doubanio.com/spic/s1681146.jpg
鲍鲸鲸 / 中信出版社 / 2010-1 / 25.00元,8.1,"
                失恋33天

                
                  ",,"(
                    32878人评价
                )",https://img3.doubanio.com/spic/s6980516.jpg
余华 / 上海文艺出版社 / 2006-3 / 27.00元,7.5,"
                兄弟（下）

                
              ",,"(
                    34900人评价
                )",https://img3.doubanio.com/spic/s9109733.jpg
（日）东野圭吾 / 刘子倩 / 南海出版公司 / 2009年11月 / 19.80元,9.0,"
                嫌疑人X的献身

                
              ",,"(
                    29870人评价
                )",https://img3.doubanio.com/spic/s4055190.jpg
郭敬明 / 上海译文出版社 / 2003-5 / 16.00元,6.7,"
                左手倒影，右手年华。

                
              ",,"(
                    36776人评价
                )",https://img3.doubanio.com/spic/s1068023.jpg
韩寒 / 上海人民出版社 / 2000-08 / 12.00,7.2,"
                零下一度

                
              ",,"(
                    34875人评价
                )",https://img3.doubanio.com/spic/s1028954.jpg
[英] 阿加莎・克里斯蒂 / 祁阿红 / 人民文学出版社 / 2008-3 / 19.00,8.9,"
                无人生还

                
              ",And Then There Were None,"(
                    29660人评价
                )",https://img3.doubanio.com/spic/s2962510.jpg
当年明月 / 中国海关出版社 / 2009-4 / 358.20元,9.1,"
                明朝那些事儿（1-9）

                
                  ",,"(
                    28853人评价
                )",https://img3.doubanio.com/spic/s3792001.jpg
金庸 / 广州出版社 花城出版社 / 2008-3 / 108.00元,8.8,"
                鹿鼎记（全五册）

                
              ",,"(
                    26189人评价
                )",https://img3.doubanio.com/spic/s3134040.jpg
韩寒 / 作家出版社 / 2002-1 / 16.00元,7.3,"
                像少年啦飞驰

                
              ",,"(
                    34162人评价
                )",https://img1.doubanio.com/spic/s1080179.jpg
蒋勋 / 广西师范大学出版社 / 2009-10-1 / 36.00元,8.1,"
                孤独六讲

                
              ",,"(
                    31430人评价
                )",https://img3.doubanio.com/spic/s4075572.jpg
南派三叔 / 中国友谊出版公司 / 2007-4 / 26.80元,8.2,"
                盗墓笔记2

                
                  ",,"(
                    31023人评价
                )",https://img3.doubanio.com/spic/s2376476.jpg
饶雪漫 / 当代世界出版社 / 2006-2 / 22.00元,7.1,"
                左耳

                
              ",,"(
                    34737人评价
                )",https://img3.doubanio.com/spic/s1520215.jpg
当年明月 / 中国友谊出版公司 / 2007-9 / 24.80,8.8,"
                明朝那些事儿（肆）

                
                  ",,"(
                    29364人评价
                )",https://img3.doubanio.com/spic/s2699632.jpg
[澳] 考琳·麦卡洛 / 曾胡 / 译林出版社 / 1998-7 / 28.00元,8.6,"
                荆棘鸟

                
              ",The Thorn Birds,"(
                    29740人评价
                )",https://img3.doubanio.com/spic/s2781615.jpg
七堇年 / 长江文艺出版社 / 2007-11 / 22.00元,7.8,"
                被窝是青春的坟墓

                
              ",,"(
                    31863人评价
                )",https://img3.doubanio.com/spic/s3028662.jpg
〔日〕东野圭吾 / 李炜 / 南海出版公司 / 2009年9月 / 28.00元,7.6,"
                幻夜

                
                  ",,"(
                    32415人评价
                )",https://img3.doubanio.com/spic/s3960322.jpg
藤子・F・不二雄 / 碧日 / 吉林美术出版社 / 1999-12-01 / 8.00,9.4,"
                机器猫哆啦A梦23

                
              ",,"(
                    27461人评价
                )",https://img3.doubanio.com/spic/s2273836.jpg
(法)马克·李维 / 段韵灵 / 湖南文艺出版社 / 2012-6-20 / 29.80元,7.9,"
                偷影子的人

                
              ",Le voleur d'ombres,"(
                    31216人评价
                )",https://img1.doubanio.com/spic/s10339418.jpg
太宰治 / 许时嘉 / 吉林出版集团有限责任公司 / 2009年9月 / 16.00元,8.3,"
                人间失格

                
              ",人間失格,"(
                    30208人评价
                )",https://img3.doubanio.com/spic/s6100756.jpg
廖信忠 / 重庆出版集团 / 2009-11 / 29.80元,7.4,"
                我们台湾这些年

                
                  ",,"(
                    32685人评价
                )",https://img3.doubanio.com/spic/s6088056.jpg
[日] 岩井俊二 / 张苓 / 天津人民出版社 / 2006-12 / 28.00元,7.7,"
                关于莉莉周的一切

                
              ",リリイ・シュシュのすべて,"(
                    31808人评价
                )",https://img3.doubanio.com/spic/s1928640.jpg
[美] 彼得·海斯勒 / 李雪顺 / 上海译文出版社 / 2011-1 / 33.00元,9.0,"
                寻路中国

                
                  ",Country Driving: A Journey Through China from Farm to Factory,"(
                    28167人评价
                )",https://img1.doubanio.com/spic/s4575849.jpg
菲茨杰拉德 / 姚乃强 / 人民文学出版社 / 2004-06 / 12.00元,8.3,"
                了不起的盖茨比

                
              ",The Great Gatsby,"(
                    29859人评价
                )",https://img3.doubanio.com/spic/s1005875.jpg
王小波 / 上海锦绣文章出版社 / 2008-5 / 18.00元,8.8,"
                爱你就像爱生命

                
              ",,"(
                    28282人评价
                )",https://img3.doubanio.com/spic/s4661043.jpg
七堇年 / 长江文艺出版社 / 2007-1 / 22.00元,8.2,"
                大地之灯

                
              ",,"(
                    29470人评价
                )",https://img3.doubanio.com/spic/s1994710.jpg
[英] 乔治·奥威尔 / 荣如德 / 上海译文出版社 / 2007-3 / 10.00元,9.2,"
                动物农场

                
              ",Animal Farm,"(
                    26990人评价
                )",https://img3.doubanio.com/spic/s2347590.jpg
格林兄弟 / 魏以新 / 人民文学出版社 / 1994-11 / 21.45元,8.9,"
                格林童话全集

                
              ",,"(
                    27535人评价
                )",https://img3.doubanio.com/spic/s1134341.jpg
张悦然 / 作家出版社 / 2005-1 / 19.00元,7.8,"
                水仙已乘鲤鱼去

                
              ",,"(
                    30220人评价
                )",https://img3.doubanio.com/spic/s9060522.jpg
[美] 欧·亨利 / 张经浩 / 上海社会科学院出版社 / 2003-7 / 25.00元,8.6,"
                麦琪的礼物

                
                  ",,"(
                    27965人评价
                )",https://img3.doubanio.com/spic/s1137441.jpg
[日] 村上春树 / 施小炜 / 南海出版公司 / 2011-1 / 39.50元,7.6,"
                1Q84 BOOK 3

                
                  ",,"(
                    30130人评价
                )",https://img3.doubanio.com/spic/s4577386.jpg
鲁迅 / 上海书店出版社 / 2003-7-1 / 14.50,8.6,"
                阿Q正传

                
              ",,"(
                    27439人评价
                )",https://img3.doubanio.com/spic/s1074811.jpg
当年明月 / 中国友谊出版公司 / 2008-3 / 28.80,8.8,"
                明朝那些事儿（伍）

                
                  ",,"(
                    26781人评价
                )",https://img3.doubanio.com/spic/s2967063.jpg
南派三叔 / 中国友谊出版公司 / 2007-11 / 26.80元,8.5,"
                盗墓笔记3

                
                  ",,"(
                    27634人评价
                )",https://img3.doubanio.com/spic/s27274091.jpg
林达 / 生活·读书·新知三联书店 / 1997-5 / 19.00元,9.0,"
                历史深处的忧虑

                
                  ",,"(
                    26347人评价
                )",https://img3.doubanio.com/spic/s1768916.jpg
郭敬明 / 长江文艺出版社 / 2010-1 / 26.80元,6.5,"
                小时代2.0虚铜时代

                
              ",,"(
                    32725人评价
                )",https://img3.doubanio.com/spic/s4604664.jpg
尾田荣一郎 / 董科 / 浙江人民美术出版社 / 2007-11 / 7.5,9.5,"
                海贼王

                
                  ",,"(
                    24905人评价
                )",https://img1.doubanio.com/spic/s1492518.jpg
阿来 / 人民文学出版社 / 1998-1-1 / 22.0,8.4,"
                尘埃落定

                
              ",,"(
                    27244人评价
                )",https://img3.doubanio.com/spic/s9140762.jpg
(法)古斯塔夫.勒庞 / 冯克利 / 中央编译出版社 / 1998-01 / 16.00元,8.4,"
                乌合之众

                
                  ",The Crowd: A Study of the Popular Mind,"(
                    27149人评价
                )",https://img3.doubanio.com/spic/s1988393.jpg
[美] 卡罗琳·帕克丝特 / 何致和 / 南海出版公司 / 2007-7 / 22.00元,7.7,"
                巴别塔之犬

                
              ",The Dogs of Babel,"(
                    28809人评价
                )",https://img3.doubanio.com/spic/s2609483.jpg
[美] 雷蒙德·卡佛 / 小二 / 译林出版社 / 2010-1 / 22.00元,7.8,"
                当我们谈论爱情时我们在谈论什么

                
              ",What We Talk About When We Talk About Love,"(
                    28345人评价
                )",https://img3.doubanio.com/spic/s4145144.jpg
八月长安 / 新世界出版社 / 2009-12 / 39.80元,8.8,"
                你好，旧时光（上 下）

                
              ",玛丽苏病例报告,"(
                    25795人评价
                )",https://img1.doubanio.com/spic/s4293097.jpg
[英] 乔治·奥威尔 / 刘绍铭 / 北京十月文艺出版社 / 2010-4-1 / 28.00元,9.3,"
                1984

                
              ",Nineteen Eighty-Four,"(
                    25021人评价
                )",https://img1.doubanio.com/spic/s4371408.jpg
笛安 / 长江文艺出版社 / 2010-7-1 / 26.80元,8.2,"
                东霓

                
              ",,"(
                    27239人评价
                )",https://img3.doubanio.com/spic/s4397380.jpg
安东尼 / 长江文艺出版社 / 2010-10 / 28.80元,8.3,"
                橙

                
                  ",,"(
                    26796人评价
                )",https://img3.doubanio.com/spic/s4512594.jpg
王小波 / 陕西师范大学出版社 / 2009-07-01 / 23.00元,8.8,"
                黄金时代

                
              ",,"(
                    25446人评价
                )",https://img1.doubanio.com/spic/s4083149.jpg
[法] 雨果 / 李丹 / 人民文学出版社 / 1992-6 / 66.00元,8.9,"
                悲惨世界（上中下）

                
              ",Les Misérables,"(
                    25254人评价
                )",https://img3.doubanio.com/spic/s1148102.jpg
[德] 帕·聚斯金德 / 李清华 / 上海译文出版社 / 2005-5 / 20.00元,8.5,"
                香水

                
                  ",,"(
                    25936人评价
                )",https://img1.doubanio.com/spic/s1556748.jpg
张爱玲 / 哈尔滨出版社 / 2005年6月 / 13.5元,8.5,"
                金锁记

                
              ",,"(
                    26088人评价
                )",https://img3.doubanio.com/spic/s2976745.jpg
老舍 / 人民文学出版社 / 2000-3-1 / 12.00,8.2,"
                骆驼祥子

                
              ",,"(
                    26631人评价
                )",https://img3.doubanio.com/spic/s1192660.jpg
寂地 / 北方妇女儿童出版社 / 2004-10 / 20.00元,8.6,"
                我的路

                
              ",,"(
                    25505人评价
                )",https://img3.doubanio.com/spic/s1445665.jpg
孙睿 / 远方出版社 / 2004-1 / 19.50元,7.2,"
                草样年华

                
                  ",,"(
                    29100人评价
                )",https://img3.doubanio.com/spic/s1068992.jpg
安妮宝贝 / 作家出版社 / 2002-8 / 18.00元,8.0,"
                蔷薇岛屿

                
              ",,"(
                    26873人评价
                )",https://img3.doubanio.com/spic/s3237601.jpg
南派三叔 / 中国友谊出版公司 / 2008-11 / 32.80元,8.5,"
                盗墓笔记4

                
                  ",,"(
                    25770人评价
                )",https://img1.doubanio.com/spic/s5951677.jpg
九夜茴 / 东方出版社 / 2008-1 / 29.00,8.3,"
                匆匆那年（上下）

                
              ",,"(
                    25899人评价
                )",https://img3.doubanio.com/spic/s2892553.jpg
桐华 / 江苏文艺出版社 / 2010-01 / 23.80元,8.5,"
                那些回不去的年少时光

                
              ",,"(
                    25085人评价
                )",https://img3.doubanio.com/spic/s4130990.jpg
[意大利]伊塔洛·卡尔维诺 / 张宓 / 译林出版社 / 2006-8 / 16.00元,8.8,"
                看不见的城市

                
              ",Le città invisibili,"(
                    24778人评价
                )",https://img3.doubanio.com/spic/s1804710.jpg
三毛 / 北京十月文艺出版社 / 2011-1-7 / 24.00元,9.3,"
                撒哈拉的故事

                
              ",,"(
                    23819人评价
                )",https://img3.doubanio.com/spic/s6780941.jpg
章诒和 / 人民文学出版社 / 2004-1 / 35.00元,8.6,"
                往事并不如烟

                
              ",,"(
                    25025人评价
                )",https://img1.doubanio.com/spic/s1108667.jpg
三毛 / 北京十月文艺出版社 / 2007-6 / 28.00元,8.8,"
                梦里花落知多少

                
              ",,"(
                    24204人评价
                )",https://img3.doubanio.com/spic/s2393243.jpg
[美] 沃尔特·艾萨克森 / 管延圻 / 中信出版社 / 2011-10-24 / 68.00元,8.7,"
                史蒂夫·乔布斯传

                
              ",Steve Jobs: A Biography,"(
                    24293人评价
                )",https://img3.doubanio.com/spic/s6974202.jpg
张爱玲 / 北京十月文艺出版社 / 2006-12 / 29.80元,8.7,"
                倾城之恋

                
              ",,"(
                    24212人评价
                )",https://img3.doubanio.com/spic/s4638950.jpg
[印] 罗宾德拉纳德·泰戈尔 / 徐翰林 / 哈尔滨出版社 / 2004-6 / 16.80元,8.8,"
                飞鸟集

                
              ",,"(
                    23949人评价
                )",https://img3.doubanio.com/spic/s1044902.jpg
九把刀 / 花山文艺出版社 / 2007-1 / 20.00元,8.2,"
                那些年，我们一起追的女孩

                
              ",,"(
                    25003人评价
                )",https://img3.doubanio.com/spic/s1982025.jpg
王小波 / 北方文艺出版社 / 2006-4 / 18.80元,8.8,"
                一只特立独行的猪

                
              ",,"(
                    23834人评价
                )",https://img3.doubanio.com/spic/s1670642.jpg
沧月 / 北京十月文艺出版社 / 2006-10 / 25.00元,8.5,"
                七夜雪

                
              ",,"(
                    24328人评价
                )",https://img1.doubanio.com/spic/s3007857.jpg
王安忆 / 南海出版公司 / 2003-8 / 22.00元,8.3,"
                长恨歌

                
              ",,"(
                    24928人评价
                )",https://img3.doubanio.com/spic/s3018752.jpg
舒仪 / 中国画报出版社 / 2009-3 / 23.80,7.6,"
                曾有一个人，爱我如生命

                
              ",,"(
                    26103人评价
                )",https://img1.doubanio.com/spic/s3635269.jpg
[美] 莫提默·J. 艾德勒 / 郝明义 / 商务印书馆 / 2004-1 / 38.00元,8.5,"
                如何阅读一本书

                
              ",How to Read a Book,"(
                    24261人评价
                )",https://img1.doubanio.com/spic/s1670978.jpg
大冰 / 湖南文艺出版社 / 2014-9-1 / 36.00元,7.6,"
                乖，摸摸头

                
              ",,"(
                    25765人评价
                )",https://img3.doubanio.com/spic/s27466554.jpg
李海鹏 / 文化艺术出版社 / 2010-6 / 25.00元,8.2,"
                佛祖在一号线

                
              ",,"(
                    24683人评价
                )",https://img1.doubanio.com/spic/s4397779.jpg
[美] 斯宾塞·约翰逊 / 吴立俊 / 中信出版社 / 2001-9 / 16.80元,7.2,"
                谁动了我的奶酪？

                
              ",Who Moved My Cheese?,"(
                    27098人评价
                )",https://img3.doubanio.com/spic/s1035374.jpg
李可 / 陕西师范大学出版社 / 2009-1 / 28.00,7.3,"
                杜拉拉2华年似水

                
                  ",,"(
                    26800人评价
                )",https://img3.doubanio.com/spic/s3476613.jpg
[英] 伊恩·麦克尤恩 / 潘帕 / 南京大学出版社 / 2010-2 / 22.00元,8.0,"
                最初的爱情 最后的仪式

                
              ","First Love, Last Rites","(
                    25063人评价
                )",https://img3.doubanio.com/spic/s3979661.jpg
落落 / 长江文艺出版社 / 2007-12 / 22.00,7.6,"
                不朽

                
              ",,"(
                    25818人评价
                )",https://img3.doubanio.com/spic/s2868780.jpg
hans / 上海锦绣文章出版社 / 2009-1 / 36.80元,9.0,"
                阿狸·梦之城堡

                
              ",,"(
                    22878人评价
                )",https://img3.doubanio.com/spic/s3721175.jpg
龙应台 / 生活·读书·新知三联书店 / 2009-12-1 / 28.00元,8.8,"
                孩子你慢慢来

                
              ",,"(
                    23261人评价
                )",https://img3.doubanio.com/spic/s4124434.jpg
[美] 丹.布朗 / 朱振武 / 人民文学出版社 / 2005-2 / 29.80元,8.2,"
                天使与魔鬼

                
              ",Angels & Demons,"(
                    24426人评价
                )",https://img3.doubanio.com/spic/s1914485.jpg
刘慈欣 / 四川科学技术出版社 / 2005-6 / 22.00元,8.7,"
                球状闪电

                
              ",,"(
                    23229人评价
                )",https://img3.doubanio.com/spic/s26040205.jpg
落落 / 长江文艺出版社 / 2009-6 / 22.80元,7.3,"
                尘埃星球

                
              ",,"(
                    26279人评价
                )",https://img3.doubanio.com/spic/s1944575.jpg
[日] 川端康成 / 叶渭渠 / 广西师范大学出版社 / 2002-2 / 23.80元,8.1,"
                伊豆的舞女

                
              ",伊豆の踊子,"(
                    24268人评价
                )",https://img3.doubanio.com/spic/s1056010.jpg
[日] 村上春树 / 林少华 / 上海译文出版社 / 2002-12 / 23.00元,8.5,"
                世界尽头与冷酷仙境

                
              ",世界の終りとハードボイルド・ワンダーランド,"(
                    23426人评价
                )",https://img1.doubanio.com/spic/s1801057.jpg
[美] 伍绮诗 / 孙璐 / 江苏凤凰文艺出版社 / 2015-7 / 35.00元,8.2,"
                无声告白

                
              ",Everything I Never Told You,"(
                    24223人评价
                )",https://img3.doubanio.com/spic/s28109182.jpg
（美）鲁思・本尼迪克特 / 吕万和 / 商务印书馆 / 1990-6 / 16.00,8.2,"
                菊与刀

                
                  ",The Chrysanthemum and the Sword,"(
                    23915人评价
                )",https://img3.doubanio.com/spic/s1074166.jpg
鸟山明 / 牟琳 / 東立 / 1993-6-25 / 6.90,9.2,"
                七龍珠 34

                
                  ",,"(
                    21956人评价
                )",https://img1.doubanio.com/spic/s1395309.jpg
蔡崇达 / 天津人民出版社 / 2014-12-1 / 39.80元,7.8,"
                皮囊

                
              ",No More Than Skins,"(
                    24648人评价
                )",https://img3.doubanio.com/spic/s27943411.jpg
[澳] 朗达·拜恩 / 谢明宪 / 中国城市出版社 / 2008-11 / 32.00,7.3,"
                秘密

                
              ",,"(
                    25659人评价
                )",https://img3.doubanio.com/spic/s3331205.jpg
金庸 / 三联书店 / 1999-04 / 0,8.5,"
                倚天屠龙记(共四册)

                
              ",,"(
                    23030人评价
                )",https://img1.doubanio.com/spic/s1829709.jpg
当年明月 / 中国海关出版社 / 2009年 / 29.80元,9.0,"
                明朝那些事儿（柒）：大结局

                
              ",,"(
                    22104人评价
                )",https://img3.doubanio.com/spic/s4536142.jpg
古典 / 中国书店 / 2010-9 / 29.80元,8.0,"
                拆掉思维里的墙

                
                  ",,"(
                    23904人评价
                )",https://img1.doubanio.com/spic/s6907698.jpg
[日] 乙一 / 李颖秋 / 当代世界出版社 / 2007-10 / 20.00元,8.6,"
                ZOO

                
              ",,"(
                    22632人评价
                )",https://img1.doubanio.com/spic/s2756239.jpg
张悦然 / 春风文艺出版社 / 2004-01 / 23.00元,7.5,"
                樱桃之远

                
              ",,"(
                    24907人评价
                )",https://img3.doubanio.com/spic/s1110226.jpg
当年明月 / 中国海关出版社 / 2008-11 / 28.80,8.9,"
                明朝那些事儿（陆）

                
                  ",,"(
                    22070人评价
                )",https://img3.doubanio.com/spic/s4428711.jpg
[捷克] 米兰·昆德拉 / 袁筱一 / 上海译文出版社 / 2004-5 / 25.00元,8.3,"
                生活在别处

                
              ",Život je jinde,"(
                    23031人评价
                )",https://img3.doubanio.com/spic/s1069535.jpg
[英] 奥斯丁 / 王科一 / 上海译文出版社 / 1996-12 / 11.00元,9.0,"
                傲慢与偏见

                
              ",Pride and Prejudice,"(
                    21637人评价
                )",https://img1.doubanio.com/spic/s27017338.jpg
李开复 / 中信出版社 / 2009-9 / 29.80元,8.1,"
                世界因你不同

                
                  ",,"(
                    23160人评价
                )",https://img3.doubanio.com/spic/s3994156.jpg
天下霸唱 / 安徽文艺出版社 / 2006-11 / 26.80元,8.0,"
                鬼吹灯之云南虫谷

                
              ",,"(
                    23350人评价
                )",https://img1.doubanio.com/spic/s6063257.jpg
南派三叔 / 中国友谊出版公司 / 2010-1 / 32.80元,8.5,"
                盗墓笔记6

                
                  ",,"(
                    22452人评价
                )",https://img1.doubanio.com/spic/s6098009.jpg
